0, 22.930075, 0.000000
1, 23.301941, -5.645924
2, 24.489195, -11.835740
3, 26.744356, -19.303257
4, 30.655211, -29.320839
5, 37.632767, -44.642150
6, 51.795201, -73.034130
7, 91.789549, -149.331745
8, 706.598629, -1297.245641
9, -110.565005, 225.147365
10, -49.036470, 109.231934
11, -30.735645, 74.044956
12, -22.038256, 56.870407
13, -17.001881, 46.612781
14, -13.742903, 39.747548
15, -11.477506, 34.803010
16, -9.821718, 31.054764
17, -8.565617, 28.104245
18, -7.584913, 25.713688
19, -6.801464, 23.732249
20, -6.163753, 22.059455
21, -5.636485, 20.625706
22, -5.194724, 19.381198
23, -4.820359, 18.289297
24, -4.499951, 17.322427
25, -4.223327, 16.459406
26, -3.982658, 15.683682
27, -3.771825, 14.982114
28, -3.585978, 14.344132
29, -3.421247, 13.761126
30, -3.274477, 13.226011
31, -3.143113, 12.732895
32, -3.025030, 12.276835
33, -2.918469, 11.853657
34, -2.821962, 11.459799
35, -2.734261, 11.092211
36, -2.654317, 10.748263
37, -2.581231, 10.425667
38, -2.514233, 10.122430
39, -2.452661, 9.836809
40, -2.395940, 9.567260
41, -2.343571, 9.312426
42, -2.295119, 9.071100
43, -2.250198, 8.842206
44, -2.208477, 8.624777
45, -2.169656, 8.417953
46, -2.133478, 8.220952
47, -2.099704, 8.033080
48, -2.068127, 7.853693
49, -2.038565, 7.682221
50, -2.010851, 7.518133
51, -1.984835, 7.360959
52, -1.960380, 7.210258
53, -1.937371, 7.065626
54, -1.915695, 6.926699
55, -1.895253, 6.793143
56, -1.875958, 6.664642
57, -1.857728, 6.540907
58, -1.840484, 6.421681
59, -1.824162, 6.306711
60, -1.808701, 6.195770
61, -1.794040, 6.088651
62, -1.780130, 5.985153
63, -1.766924, 5.885097
64, -1.754377, 5.788306
65, -1.742448, 5.694626
66, -1.731099, 5.603909
67, -1.720299, 5.516011
68, -1.710013, 5.430802
69, -1.700214, 5.348167
70, -1.690872, 5.267983
71, -1.681963, 5.190146
72, -1.673466, 5.114551
73, -1.665355, 5.041109
74, -1.657613, 4.969724
75, -1.650220, 4.900314
76, -1.643156, 4.832798
77, -1.636412, 4.767102
78, -1.629965, 4.703154
79, -1.623802, 4.640885
80, -1.617917, 4.580232
81, -1.612290, 4.521138
82, -1.606912, 4.463539
83, -1.601771, 4.407388
84, -1.596858, 4.352631
85, -1.592164, 4.299215
86, -1.587682, 4.247097
87, -1.583398, 4.196235
88, -1.579311, 4.146588
89, -1.575410, 4.098110
90, -1.571689, 4.050769
91, -1.568142, 4.004527
92, -1.564764, 3.959349
93, -1.561545, 3.915207
94, -1.558486, 3.872067
95, -1.555581, 3.829899
96, -1.552825, 3.788681
97, -1.550213, 3.748378
98, -1.547743, 3.708971
99, -1.545410, 3.670434
100, -1.543210, 3.632746
101, -1.541144, 3.595890
102, -1.539208, 3.559838
103, -1.537402, 3.524574
104, -1.535716, 3.490084
105, -1.534157, 3.456350
106, -1.532724, 3.423353
107, -1.531410, 3.391079
108, -1.530219, 3.359520
109, -1.529149, 3.328656
110, -1.528197, 3.298481
111, -1.527369, 3.268985
112, -1.526660, 3.240157
113, -1.526078, 3.211990
114, -1.525618, 3.184473
115, -1.525281, 3.157604
116, -1.525075, 3.131378
117, -1.524996, 3.105790
118, -1.525053, 3.080843
119, -1.525244, 3.056534
120, -1.525577, 3.032856
121, -1.526052, 3.009819
122, -1.526682, 2.987430
123, -1.527467, 2.965690
124, -1.528412, 2.944605
125, -1.529534, 2.924194
126, -1.530836, 2.904462
127, -1.532325, 2.885431
128, -1.534015, 2.867111
129, -1.535919, 2.849535
130, -1.538056, 2.832726
131, -1.540441, 2.816709
132, -1.543085, 2.801532
133, -1.546021, 2.787229
134, -1.549266, 2.773856
135, -1.552853, 2.761470
136, -1.556816, 2.750142
137, -1.561193, 2.739949
138, -1.566024, 2.730993
139, -1.571362, 2.723377
140, -1.577280, 2.717243
141, -1.583838, 2.712750
142, -1.591135, 2.710087
143, -1.599268, 2.709487
144, -1.608373, 2.711238
145, -1.618602, 2.715678
146, -1.630152, 2.723248
147, -1.643266, 2.734484
148, -1.658254, 2.750082
149, -1.675521, 2.770932
150, -1.695587, 2.798206
151, -1.719160, 2.833477
152, -1.747205, 2.878900
153, -1.781079, 2.937504
154, -1.822758, 3.013706
155, -1.875224, 3.114177
156, -1.943215, 3.249517
157, -2.034731, 3.437600
158, -2.164405, 3.711176
159, -2.362221, 4.137301
160, -2.700763, 4.878338
161, -3.412536, 6.454368
162, -5.870439, 11.936413
163, 18.318571, -42.187622
164, 1.665030, -4.951289
165, 0.258645, -1.821046
166, -0.264418, -0.666592
167, -0.537460, -0.071312
168, -0.705166, 0.288447
169, -0.818647, 0.527002
170, -0.900551, 0.695017
171, -0.962466, 0.818397
172, -1.010923, 0.911770
173, -1.049894, 0.984008
174, -1.081931, 1.040815
175, -1.108745, 1.086014
176, -1.131532, 1.122280
177, -1.151146, 1.151523
178, -1.168219, 1.175153
179, -1.183225, 1.194228
180, -1.196531, 1.209563
181, -1.208422, 1.221792
182, -1.219120, 1.231414
183, -1.228805, 1.238833
184, -1.237626, 1.244368
185, -1.245701, 1.248296
186, -1.253133, 1.250826
187, -1.260001, 1.252145
188, -1.266379, 1.252411
189, -1.272322, 1.251745
190, -1.277882, 1.250265
191, -1.283105, 1.248063
192, -1.288024, 1.245220
193, -1.292674, 1.241807
194, -1.297086, 1.237885
195, -1.301278, 1.233506
196, -1.305278, 1.228717
197, -1.309104, 1.223562
198, -1.312773, 1.218073
199, -1.316300, 1.212281
200, -1.319697, 1.206219
201, -1.322981, 1.199906
202, -1.326161, 1.193371
203, -1.329247, 1.186628
204, -1.332245, 1.179699
205, -1.335171, 1.172598
206, -1.338026, 1.165339
207, -1.340819, 1.157938
208, -1.343555, 1.150403
209, -1.346246, 1.142743
210, -1.348887, 1.134975
211, -1.351497, 1.127096
212, -1.354069, 1.119124
213, -1.356612, 1.111057
214, -1.359127, 1.102911
215, -1.361627, 1.094681
216, -1.364107, 1.086378
217, -1.366572, 1.078009
218, -1.369029, 1.069570
219, -1.371480, 1.061071
220, -1.373924, 1.052511
221, -1.376368, 1.043897
222, -1.378812, 1.035226
223, -1.381260, 1.026506
224, -1.383719, 1.017734
225, -1.386187, 1.008915
226, -1.388668, 1.000041
227, -1.391162, 0.991129
228, -1.393675, 0.982168
229, -1.396207, 0.973161
230, -1.398763, 0.964108
231, -1.401344, 0.955013
232, -1.403952, 0.945869
233, -1.406586, 0.936684
234, -1.409258, 0.927449
235, -1.411962, 0.918170
236, -1.414706, 0.908843
237, -1.417483, 0.899468
238, -1.420310, 0.890038
239, -1.423175, 0.880560
240, -1.426092, 0.871034
241, -1.429059, 0.861451
242, -1.432079, 0.851812
243, -1.435156, 0.842114
244, -1.438288, 0.832356
245, -1.441487, 0.822536
246, -1.444747, 0.812648
247, -1.448080, 0.802696
248, -1.451484, 0.792669
249, -1.454962, 0.782567
250, -1.458522, 0.772392
251, -1.462163, 0.762131
252, -1.465888, 0.751787
253, -1.469713, 0.741350
254, -1.473632, 0.730822
255, -1.477650, 0.720192
256, -1.481773, 0.709460
257, -1.486006, 0.698617
258, -1.490360, 0.687661
259, -1.494832, 0.676583
260, -1.499434, 0.665375
261, -1.504174, 0.654033
262, -1.509052, 0.642550
263, -1.514075, 0.630917
264, -1.519264, 0.619126
265, -1.524612, 0.607166
266, -1.530134, 0.595031
267, -1.535840, 0.582706
268, -1.541738, 0.570183
269, -1.547837, 0.557453
270, -1.554154, 0.544500
271, -1.560697, 0.531313
272, -1.567481, 0.517873
273, -1.574520, 0.504164
274, -1.581824, 0.490175
275, -1.589416, 0.475886
276, -1.597311, 0.461274
277, -1.605528, 0.446323
278, -1.614087, 0.431004
279, -1.623012, 0.415294
280, -1.632325, 0.399171
281, -1.642056, 0.382600
282, -1.652230, 0.365548
283, -1.662884, 0.347981
284, -1.674045, 0.329864
285, -1.685757, 0.311152
286, -1.698060, 0.291794
287, -1.710997, 0.271742
288, -1.724625, 0.250940
289, -1.738998, 0.229324
290, -1.754179, 0.206822
291, -1.770237, 0.183354
292, -1.787252, 0.158836
293, -1.805313, 0.133169
294, -1.824516, 0.106237
295, -1.844979, 0.077920
296, -1.866824, 0.048074
297, -1.890196, 0.016536
298, -1.915268, -0.016880
299, -1.942225, -0.052387
300, -1.971291, -0.090237
301, -2.002721, -0.130712
302, -2.036818, -0.174148
303, -2.073937, -0.220944
304, -2.114491, -0.271565
305, -2.158989, -0.326572
306, -2.208024, -0.386642
307, -2.262336, -0.452583
308, -2.322815, -0.525406
309, -2.390581, -0.606352
310, -2.467031, -0.696985
311, -2.553942, -0.799294
312, -2.653619, -0.915855
313, -2.769097, -1.050055
314, -2.904449, -1.206447
315, -3.065284, -1.391306
316, -3.259543, -1.613488
317, -3.498840, -1.885990
318, -3.800885, -2.228594
319, -4.194070, -2.673017
320, -4.726944, -3.273522
321, -5.490001, -4.131222
322, -6.673429, -5.458639
323, -8.756552, -7.791378
324, -13.394224, -12.978605
325, -32.731415, -34.591337
326, 52.744625, 60.916211
327, 13.345927, 16.886408
328, 7.209419, 10.024402
329, 4.715936, 7.233199
330, 3.363963, 5.717550
331, 2.515666, 4.764738
332, 1.933799, 4.109645
333, 1.509893, 3.631079
334, 1.187327, 3.265764
335, 0.933654, 2.977441
336, 0.728938, 2.743836
337, 0.560263, 2.550515
338, 0.418886, 2.387710
339, 0.298685, 2.248582
340, 0.195235, 2.128183
341, 0.105270, 2.022859
342, 0.026316, 1.929855
343, -0.043527, 1.847041
344, -0.105751, 1.772756
345, -0.161528, 1.705677
346, -0.211815, 1.644751
347, -0.257375, 1.589112
348, -0.298848, 1.538057
349, -0.336758, 1.490993
350, -0.371540, 1.447431
351, -0.403564, 1.406962
352, -0.433148, 1.369227
353, -0.460557, 1.333940
354, -0.486018, 1.300831
355, -0.509734, 1.269686
356, -0.531875, 1.240309
357, -0.552592, 1.212534
358, -0.572020, 1.186213
359, -0.590268, 1.161212
360, -0.607442, 1.137421
361, -0.623638, 1.114737
362, -0.638929, 1.093070
363, -0.653393, 1.072336
364, -0.667091, 1.052468
365, -0.680081, 1.033396
366, -0.692420, 1.015061
367, -0.704152, 0.997414
368, -0.715318, 0.980408
369, -0.725959, 0.963996
370, -0.736115, 0.948133
371, -0.745809, 0.932794
372, -0.755079, 0.917938
373, -0.763946, 0.903537
374, -0.772435, 0.889567
375, -0.780576, 0.875997
376, -0.788383, 0.862804
377, -0.795874, 0.849970
378, -0.803072, 0.837470
379, -0.809992, 0.825290
380, -0.816647, 0.813411
381, -0.823057, 0.801812
382, -0.829226, 0.790490
383, -0.835175, 0.779420
384, -0.840911, 0.768593
385, -0.846440, 0.757999
386, -0.851786, 0.747626
387, -0.856946, 0.737463
388, -0.861931, 0.727495
389, -0.866753, 0.717723
390, -0.871416, 0.708127
391, -0.875927, 0.698711
392, -0.880293, 0.689456
393, -0.884526, 0.680363
394, -0.888624, 0.671420
395, -0.892598, 0.662626
396, -0.896450, 0.653969
397, -0.900188, 0.645448
398, -0.903812, 0.637051
399, -0.907331, 0.628785
400, -0.910748, 0.620630
401, -0.914067, 0.612593
402, -0.917292, 0.604665
403, -0.920421, 0.596842
404, -0.923468, 0.589120
405, -0.926429, 0.581497
406, -0.929308, 0.573970
407, -0.932110, 0.566532
408, -0.934837, 0.559182
409, -0.937490, 0.551915
410, -0.940073, 0.544731
411, -0.942587, 0.537625
412, -0.945035, 0.530602
413, -0.947421, 0.523645
414, -0.949746, 0.516760
415, -0.952012, 0.509945
416, -0.954219, 0.503198
417, -0.956369, 0.496514
418, -0.958467, 0.489895
419, -0.960514, 0.483333
420, -0.962510, 0.476831
421, -0.964452, 0.470389
422, -0.966349, 0.463997
423, -0.968200, 0.457660
424, -0.970009, 0.451375
425, -0.971772, 0.445143
426, -0.973492, 0.438955
427, -0.975170, 0.432818
428, -0.976808, 0.426722
429, -0.978408, 0.420674
430, -0.979970, 0.414672
431, -0.981493, 0.408708
432, -0.982982, 0.402784
433, -0.984433, 0.396903
434, -0.985850, 0.391057
435, -0.987237, 0.385251
436, -0.988591, 0.379480
437, -0.989911, 0.373744
438, -0.991202, 0.368044
439, -0.992463, 0.362377
440, -0.993691, 0.356743
441, -0.994892, 0.351139
442, -0.996068, 0.345568
443, -0.997212, 0.340025
444, -0.998330, 0.334511
445, -0.999424, 0.329027
446, -1.000490, 0.323569
447, -1.001534, 0.318138
448, -1.002547, 0.312733
449, -1.003538, 0.307351
450, -1.004509, 0.301998
451, -1.005453, 0.296668
452, -1.006375, 0.291361
453, -1.007273, 0.286075
454, -1.008151, 0.280813
455, -1.009008, 0.275573
456, -1.009843, 0.270352
457, -1.010658, 0.265153
458, -1.011453, 0.259973
459, -1.012227, 0.254810
460, -1.012983, 0.249668
461, -1.013716, 0.244544
462, -1.014433, 0.239438
463, -1.015130, 0.234348
464, -1.015810, 0.229274
465, -1.016474, 0.224218
466, -1.017113, 0.219179
467, -1.017743, 0.214154
468, -1.018351, 0.209143
469, -1.018941, 0.204144
470, -1.019516, 0.199164
471, -1.020074, 0.194192
472, -1.020615, 0.189238
473, -1.021141, 0.184293
474, -1.021651, 0.179364
475, -1.022146, 0.174444
476, -1.022625, 0.169536
477, -1.023088, 0.164642
478, -1.023539, 0.159755
479, -1.023972, 0.154878
480, -1.024390, 0.150013
481, -1.024793, 0.145156
482, -1.025183, 0.140310
483, -1.025556, 0.135474
484, -1.025919, 0.130645
485, -1.026269, 0.125823
486, -1.026598, 0.121011
487, -1.026919, 0.116205
488, -1.027226, 0.111408
489, -1.027515, 0.106621
490, -1.027794, 0.101834
491, -1.028062, 0.097056
492, -1.028313, 0.092285
493, -1.028552, 0.087517
494, -1.028777, 0.082758
495, -1.028990, 0.078001
496, -1.029192, 0.073251
497, -1.029380, 0.068504
498, -1.029551, 0.063760
499, -1.029715, 0.059022
500, -1.029861, 0.054290
501, -1.030001, 0.049556
502, -1.030124, 0.044827
503, -1.030235, 0.040103
504, -1.030331, 0.035378
505, -1.030418, 0.030655
506, -1.030494, 0.025935
507, -1.030553, 0.021221
508, -1.030603, 0.016502
509, -1.030640, 0.011787
510, -1.030666, 0.007071
511, -1.030676, 0.002356
512, -1.030676, -0.002357
513, -1.030666, -0.007073
514, -1.030640, -0.011788
515, -1.030603, -0.016503
516, -1.030553, -0.021223
517, -1.030494, -0.025937
518, -1.030418, -0.030656
519, -1.030331, -0.035380
520, -1.030235, -0.040104
521, -1.030124, -0.044828
522, -1.030001, -0.049558
523, -1.029861, -0.054292
524, -1.029715, -0.059023
525, -1.029551, -0.063761
526, -1.029380, -0.068505
527, -1.029192, -0.073252
528, -1.028990, -0.078003
529, -1.028777, -0.082760
530, -1.028552, -0.087519
531, -1.028313, -0.092286
532, -1.028062, -0.097057
533, -1.027794, -0.101835
534, -1.027515, -0.106622
535, -1.027226, -0.111409
536, -1.026919, -0.116207
537, -1.026598, -0.121012
538, -1.026269, -0.125824
539, -1.025919, -0.130647
540, -1.025556, -0.135475
541, -1.025183, -0.140312
542, -1.024793, -0.145157
543, -1.024390, -0.150015
544, -1.023971, -0.154879
545, -1.023539, -0.159756
546, -1.023088, -0.164643
547, -1.022625, -0.169537
548, -1.022146, -0.174446
549, -1.021651, -0.179365
550, -1.021141, -0.184294
551, -1.020615, -0.189239
552, -1.020074, -0.194193
553, -1.019516, -0.199165
554, -1.018941, -0.204145
555, -1.018350, -0.209144
556, -1.017743, -0.214155
557, -1.017113, -0.219180
558, -1.016473, -0.224220
559, -1.015809, -0.229275
560, -1.015130, -0.234349
561, -1.014433, -0.239439
562, -1.013716, -0.244545
563, -1.012982, -0.249670
564, -1.012226, -0.254811
565, -1.011452, -0.259974
566, -1.010658, -0.265155
567, -1.009843, -0.270353
568, -1.009008, -0.275574
569, -1.008151, -0.280814
570, -1.007273, -0.286077
571, -1.006375, -0.291362
572, -1.005453, -0.296669
573, -1.004509, -0.302000
574, -1.003538, -0.307353
575, -1.002547, -0.312734
576, -1.001533, -0.318140
577, -1.000489, -0.323570
578, -0.999424, -0.329028
579, -0.998329, -0.334513
580, -0.997212, -0.340026
581, -0.996067, -0.345569
582, -0.994892, -0.351140
583, -0.993691, -0.356745
584, -0.992462, -0.362379
585, -0.991201, -0.368046
586, -0.989911, -0.373746
587, -0.988590, -0.379481
588, -0.987237, -0.385252
589, -0.985850, -0.391058
590, -0.984433, -0.396904
591, -0.982981, -0.402786
592, -0.981492, -0.408709
593, -0.979969, -0.414673
594, -0.978407, -0.420675
595, -0.976807, -0.426723
596, -0.975170, -0.432819
597, -0.973491, -0.438957
598, -0.971771, -0.445145
599, -0.970008, -0.451377
600, -0.968200, -0.457661
601, -0.966349, -0.463998
602, -0.964451, -0.470390
603, -0.962509, -0.476833
604, -0.960514, -0.483335
605, -0.958466, -0.489897
606, -0.956369, -0.496516
607, -0.954218, -0.503199
608, -0.952011, -0.509946
609, -0.949745, -0.516761
610, -0.947420, -0.523646
611, -0.945034, -0.530603
612, -0.942586, -0.537627
613, -0.940073, -0.544733
614, -0.937489, -0.551917
615, -0.934836, -0.559183
616, -0.932109, -0.566534
617, -0.929308, -0.573972
618, -0.926428, -0.581498
619, -0.923467, -0.589121
620, -0.920420, -0.596844
621, -0.917291, -0.604667
622, -0.914066, -0.612594
623, -0.910747, -0.620631
624, -0.907330, -0.628786
625, -0.903811, -0.637053
626, -0.900187, -0.645449
627, -0.896449, -0.653970
628, -0.892597, -0.662628
629, -0.888623, -0.671421
630, -0.884525, -0.680365
631, -0.880293, -0.689457
632, -0.875926, -0.698712
633, -0.871415, -0.708129
634, -0.866752, -0.717724
635, -0.861930, -0.727496
636, -0.856945, -0.737464
637, -0.851786, -0.747628
638, -0.846440, -0.758000
639, -0.840910, -0.768594
640, -0.835174, -0.779421
641, -0.829226, -0.790492
642, -0.823057, -0.801813
643, -0.816646, -0.813413
644, -0.809991, -0.825291
645, -0.803071, -0.837472
646, -0.795873, -0.849972
647, -0.788382, -0.862806
648, -0.780575, -0.875998
649, -0.772434, -0.889568
650, -0.763945, -0.903538
651, -0.755078, -0.917940
652, -0.745808, -0.932795
653, -0.736114, -0.948134
654, -0.725958, -0.963998
655, -0.715317, -0.980409
656, -0.704151, -0.997415
657, -0.692419, -1.015063
658, -0.680080, -1.033398
659, -0.667090, -1.052470
660, -0.653392, -1.072338
661, -0.638928, -1.093072
662, -0.623637, -1.114739
663, -0.607441, -1.137423
664, -0.590267, -1.161213
665, -0.572018, -1.186215
666, -0.552591, -1.212536
667, -0.531873, -1.240310
668, -0.509732, -1.269687
669, -0.486016, -1.300832
670, -0.460556, -1.333941
671, -0.433146, -1.369229
672, -0.403563, -1.406963
673, -0.371538, -1.447432
674, -0.336756, -1.490994
675, -0.298847, -1.538058
676, -0.257374, -1.589113
677, -0.211814, -1.644752
678, -0.161526, -1.705678
679, -0.105749, -1.772757
680, -0.043525, -1.847042
681, 0.026318, -1.929856
682, 0.105272, -2.022860
683, 0.195237, -2.128184
684, 0.298688, -2.248583
685, 0.418888, -2.387711
686, 0.560266, -2.550516
687, 0.728941, -2.743837
688, 0.933657, -2.977441
689, 1.187331, -3.265765
690, 1.509897, -3.631079
691, 1.933802, -4.109646
692, 2.515670, -4.764738
693, 3.363968, -5.717550
694, 4.715942, -7.233198
695, 7.209427, -10.024400
696, 13.345940, -16.886402
697, 52.744648, -60.916164
698, -32.731454, 34.591337
699, -13.394236, 12.978602
700, -8.756559, 7.791375
701, -6.673433, 5.458636
702, -5.490005, 4.131219
703, -4.726946, 3.273520
704, -4.194072, 2.673015
705, -3.800887, 2.228592
706, -3.498841, 1.885988
707, -3.259544, 1.613486
708, -3.065285, 1.391304
709, -2.904450, 1.206445
710, -2.769098, 1.050054
711, -2.653619, 0.915853
712, -2.553942, 0.799292
713, -2.467031, 0.696983
714, -2.390581, 0.606350
715, -2.322815, 0.525404
716, -2.262336, 0.452581
717, -2.208024, 0.386640
718, -2.158989, 0.326571
719, -2.114491, 0.271564
720, -2.073937, 0.220943
721, -2.036818, 0.174146
722, -2.002720, 0.130710
723, -1.971290, 0.090235
724, -1.942225, 0.052385
725, -1.915267, 0.016879
726, -1.890196, -0.016538
727, -1.866824, -0.048076
728, -1.844978, -0.077922
729, -1.824515, -0.106238
730, -1.805312, -0.133171
731, -1.787252, -0.158838
732, -1.770236, -0.183356
733, -1.754179, -0.206824
734, -1.738997, -0.229325
735, -1.724624, -0.250942
736, -1.710996, -0.271744
737, -1.698059, -0.291796
738, -1.685756, -0.311153
739, -1.674044, -0.329866
740, -1.662883, -0.347983
741, -1.652230, -0.365550
742, -1.642055, -0.382601
743, -1.632324, -0.399173
744, -1.623011, -0.415296
745, -1.614087, -0.431006
746, -1.605528, -0.446325
747, -1.597310, -0.461275
748, -1.589415, -0.475887
749, -1.581823, -0.490176
750, -1.574519, -0.504166
751, -1.567480, -0.517874
752, -1.560696, -0.531315
753, -1.554153, -0.544502
754, -1.547836, -0.557454
755, -1.541737, -0.570184
756, -1.535839, -0.582707
757, -1.530133, -0.595032
758, -1.524611, -0.607168
759, -1.519263, -0.619128
760, -1.514074, -0.630919
761, -1.509051, -0.642552
762, -1.504172, -0.654035
763, -1.499433, -0.665376
764, -1.494831, -0.676584
765, -1.490359, -0.687662
766, -1.486005, -0.698619
767, -1.481772, -0.709462
768, -1.477649, -0.720193
769, -1.473631, -0.730824
770, -1.469711, -0.741352
771, -1.465887, -0.751788
772, -1.462162, -0.762133
773, -1.458521, -0.772394
774, -1.454961, -0.782569
775, -1.451483, -0.792671
776, -1.448079, -0.802697
777, -1.444746, -0.812649
778, -1.441486, -0.822537
779, -1.438287, -0.832357
780, -1.435155, -0.842116
781, -1.432078, -0.851813
782, -1.429058, -0.861453
783, -1.426091, -0.871035
784, -1.423173, -0.880562
785, -1.420308, -0.890040
786, -1.417482, -0.899469
787, -1.414705, -0.908844
788, -1.411960, -0.918171
789, -1.409256, -0.927451
790, -1.406584, -0.936685
791, -1.403950, -0.945871
792, -1.401342, -0.955015
793, -1.398761, -0.964109
794, -1.396206, -0.973162
795, -1.393673, -0.982170
796, -1.391160, -0.991130
797, -1.388667, -1.000043
798, -1.386186, -1.008916
799, -1.383718, -1.017735
800, -1.381258, -1.026507
801, -1.378811, -1.035227
802, -1.376366, -1.043899
803, -1.373922, -1.052513
804, -1.371479, -1.061073
805, -1.369027, -1.069571
806, -1.366571, -1.078011
807, -1.364105, -1.086379
808, -1.361625, -1.094682
809, -1.359126, -1.102912
810, -1.356610, -1.111059
811, -1.354067, -1.119125
812, -1.351495, -1.127097
813, -1.348885, -1.134976
814, -1.346244, -1.142745
815, -1.343553, -1.150405
816, -1.340817, -1.157939
817, -1.338024, -1.165341
818, -1.335170, -1.172600
819, -1.332244, -1.179700
820, -1.329246, -1.186629
821, -1.326159, -1.193372
822, -1.322979, -1.199907
823, -1.319695, -1.206220
824, -1.316298, -1.212283
825, -1.312771, -1.218074
826, -1.309102, -1.223563
827, -1.305276, -1.228718
828, -1.301276, -1.233507
829, -1.297084, -1.237886
830, -1.292672, -1.241808
831, -1.288022, -1.245222
832, -1.283103, -1.248064
833, -1.277880, -1.250267
834, -1.272320, -1.251747
835, -1.266377, -1.252412
836, -1.259999, -1.252146
837, -1.253131, -1.250827
838, -1.245699, -1.248297
839, -1.237624, -1.244369
840, -1.228803, -1.238834
841, -1.219118, -1.231415
842, -1.208420, -1.221793
843, -1.196529, -1.209564
844, -1.183223, -1.194229
845, -1.168217, -1.175154
846, -1.151144, -1.151524
847, -1.131529, -1.122281
848, -1.108743, -1.086015
849, -1.081929, -1.040816
850, -1.049891, -0.984008
851, -1.010921, -0.911770
852, -0.962464, -0.818398
853, -0.900549, -0.695018
854, -0.818645, -0.527002
855, -0.705163, -0.288447
856, -0.537458, 0.071313
857, -0.264416, 0.666594
858, 0.258647, 1.821049
859, 1.665030, 4.951294
860, 18.318545, 42.187627
861, -5.870436, -11.936428
862, -3.412533, -6.454376
863, -2.700760, -4.878344
864, -2.362218, -4.137305
865, -2.164402, -3.711179
866, -2.034728, -3.437603
867, -1.943212, -3.249520
868, -1.875221, -3.114180
869, -1.822755, -3.013708
870, -1.781076, -2.937507
871, -1.747202, -2.878902
872, -1.719157, -2.833480
873, -1.695584, -2.798208
874, -1.675518, -2.770935
875, -1.658251, -2.750085
876, -1.643263, -2.734486
877, -1.630149, -2.723250
878, -1.618599, -2.715680
879, -1.608370, -2.711240
880, -1.599265, -2.709489
881, -1.591132, -2.710089
882, -1.583835, -2.712752
883, -1.577277, -2.717244
884, -1.571359, -2.723378
885, -1.566021, -2.730995
886, -1.561190, -2.739951
887, -1.556812, -2.750143
888, -1.552850, -2.761472
889, -1.549263, -2.773858
890, -1.546017, -2.787231
891, -1.543082, -2.801534
892, -1.540438, -2.816711
893, -1.538052, -2.832728
894, -1.535916, -2.849536
895, -1.534011, -2.867112
896, -1.532322, -2.885433
897, -1.530832, -2.904463
898, -1.529531, -2.924196
899, -1.528409, -2.944607
900, -1.527463, -2.965691
901, -1.526679, -2.987431
902, -1.526048, -3.009821
903, -1.525573, -3.032858
904, -1.525240, -3.056535
905, -1.525049, -3.080845
906, -1.524992, -3.105792
907, -1.525071, -3.131380
908, -1.525277, -3.157605
909, -1.525614, -3.184475
910, -1.526074, -3.211991
911, -1.526656, -3.240159
912, -1.527365, -3.268986
913, -1.528193, -3.298482
914, -1.529144, -3.328658
915, -1.530215, -3.359521
916, -1.531405, -3.391080
917, -1.532720, -3.423354
918, -1.534153, -3.456352
919, -1.535712, -3.490085
920, -1.537397, -3.524576
921, -1.539203, -3.559839
922, -1.541139, -3.595892
923, -1.543205, -3.632748
924, -1.545405, -3.670436
925, -1.547738, -3.708973
926, -1.550208, -3.748379
927, -1.552821, -3.788682
928, -1.555576, -3.829900
929, -1.558481, -3.872069
930, -1.561540, -3.915208
931, -1.564759, -3.959351
932, -1.568137, -4.004528
933, -1.571684, -4.050770
934, -1.575405, -4.098112
935, -1.579305, -4.146589
936, -1.583392, -4.196237
937, -1.587677, -4.247098
938, -1.592159, -4.299217
939, -1.596852, -4.352633
940, -1.601765, -4.407389
941, -1.606907, -4.463541
942, -1.612284, -4.521139
943, -1.617911, -4.580233
944, -1.623796, -4.640887
945, -1.629959, -4.703155
946, -1.636406, -4.767103
947, -1.643150, -4.832800
948, -1.650213, -4.900315
949, -1.657607, -4.969725
950, -1.665348, -5.041111
951, -1.673459, -5.114552
952, -1.681957, -5.190147
953, -1.690865, -5.267984
954, -1.700207, -5.348168
955, -1.710006, -5.430803
956, -1.720292, -5.516012
957, -1.731092, -5.603911
958, -1.742440, -5.694627
959, -1.754369, -5.788307
960, -1.766917, -5.885098
961, -1.780123, -5.985154
962, -1.794033, -6.088651
963, -1.808693, -6.195771
964, -1.824154, -6.306711
965, -1.840476, -6.421681
966, -1.857719, -6.540908
967, -1.875950, -6.664642
968, -1.895244, -6.793143
969, -1.915686, -6.926700
970, -1.937362, -7.065627
971, -1.960371, -7.210258
972, -1.984825, -7.360960
973, -2.010841, -7.518134
974, -2.038555, -7.682222
975, -2.068117, -7.853693
976, -2.099693, -8.033080
977, -2.133468, -8.220953
978, -2.169645, -8.417953
979, -2.208466, -8.624778
980, -2.250187, -8.842206
981, -2.295107, -9.071100
982, -2.343559, -9.312426
983, -2.395927, -9.567260
984, -2.452648, -9.836809
985, -2.514220, -10.122429
986, -2.581218, -10.425666
987, -2.654303, -10.748262
988, -2.734246, -11.092210
989, -2.821947, -11.459798
990, -2.918454, -11.853656
991, -3.025014, -12.276834
992, -3.143096, -12.732894
993, -3.274460, -13.226009
994, -3.421229, -13.761124
995, -3.585960, -14.344129
996, -3.771805, -14.982112
997, -3.982638, -15.683679
998, -4.223306, -16.459402
999, -4.499929, -17.322422
1000, -4.820336, -18.289292
1001, -5.194699, -19.381192
1002, -5.636459, -20.625700
1003, -6.163725, -22.059448
1004, -6.801433, -23.732240
1005, -7.584880, -25.713678
1006, -8.565581, -28.104233
1007, -9.821678, -31.054750
1008, -11.477461, -34.802993
1009, -13.742852, -39.747527
1010, -17.001820, -46.612753
1011, -22.038182, -56.870369
1012, -30.735547, -74.044901
1013, -49.036324, -109.231841
1014, -110.564689, -225.147125
1015, 706.597917, 1297.246170
1016, 91.789372, 149.331605
1017, 51.795111, 73.034042
1018, 37.632711, 44.642083
1019, 30.655174, 29.320783
1020, 26.744332, 19.303207
1021, 24.489181, 11.835694
1022, 23.301934, 5.645880
1023, 22.930075, -0.000044
